Local Authority,Nation,Region,Type,Population,Net revenue budget requirement for 2023/24 (M),Council Tax 23/24 (no precepts),"Council tax (NI: domestic rate) rise approved for 2023/24, inc adult social care precept (%)",Approved savings in 2023/24?,Planned savings TOTAL (£m),How will savings be achieved?,Details for the link,Savings as a proportion of net budget (%),Savings per person (£),Has the council approved the use of reserves to balance the budget in 2023/24?,"If yes, net use of general reserves (£m)","If yes, net use of earmarked reserves (£m)",TOTAL use reserves,Total use of reserves as a proportion of net budget,Predicted CUMULATIVE shortfall for 25/26? (£m),Two-year shortfall as a proportion of net budget,Predicted deficit per person (£),Is the council appliying for special capitalisation dispensation for 2023/24? (YES/NO),"If yes, how much have they applied for?","If the council has refused to answer or was unable to answer any of the questions, state its reason here: (TEXT)",Other notes
Aberdeen City,Scotland,NA,Council Area,"227,430",540.00,1489.55,5,YES,43.44,https://committees.aberdeencity.gov.uk/mgAi.aspx?ID=96379,Appendix 9,8.0%,190.98,YES,0.00,7.60,7.60,1.41%,40.43,7.5%,177.75,NO,NA,,
Aberdeenshire,Scotland,NA,Council Area,"262,690",711.00,1393.42,4,YES,18.63,https://committees.aberdeenshire.gov.uk/committees.aspx?commid=1&meetid=20086,MTFS and budget setting p11,2.6%,70.92,YES,0.90,0.00,0.90,0.13%,49.65,7.0%,188.99,NO,NA,,
Angus,Scotland,NA,Council Area,"116,120",332.45,1316.68,6,YES,DNA,DNA,DNA,NA,NA,YES,DNA,DNA,DNA,NA,DNA,NA,NA,NO,NA,,
Antrim and Newtownabbey Borough Council,Northern Ireland,NA,Council Area,"145,852",59.80,NA,4.9,DNA,DNA,DNA,DNA,NA,NA,YES,1.90,0.00,1.90,3.18%,DNA,NA,NA,NO,NA,,
Ards and North Down Borough Council,Northern Ireland,NA,Council Area,"163,827",63.40,NA,6.8,YES,3.80,,,6.0%,23.20,YES,0.32,0.00,0.32,0.50%,0.00,0.0%,0.00,NO,NA,,
Argyll and Bute,Scotland,NA,Council Area,"86,220",284.54,1479.2,5,YES,9.11,,,3.2%,105.61,NO,0.00,0.00,0.00,0.00%,18.16,6.4%,210.62,NO,NA,,
"Armagh City, Banbridge and Craigavon Borough Council",Northern Ireland,NA,Council Area,"219,127",84.00,NA,5.96,YES,2.63,,,3.1%,12.00,YES,1.65,0.00,1.65,1.96%,4.30,5.1%,19.62,NO,NA,,
Barking and Dagenham,England,London,London Borough,"218,534",203.57,"1,458.57",4.99,YES,6.98,https://modgov.lbbd.gov.uk/internet/documents/s159588/Budget%20Framework%202023-24%20App%20C.pdf,Savings and growth,3.4%,31.93,YES,8.94,0.00,8.94,4.39%,9.68,4.8%,44.30,NO,NA,,
Barnet,England,London,London Borough,"388,639",369.69,"1,402.03",3.8,YES,4.60,https://barnet.moderngov.co.uk/documents/s76509/Appendix%20C%20Detailed%20Revenue%20Budgets%20Savings%20and%20Income%20Generation%20Pressures%20and%20Council%20Tax%20Summar.pdf,P7,1.2%,11.82,NO,0.00,0.00,0.00,0.00%,27.20,7.4%,69.98,NO,NA,,
Barnsley,England,Yorkshire and The Humber,Metropolitan District,"244,893",237.76,"1,705.57",3.9,YES,7.34,https://barnsleymbc.moderngov.co.uk/documents/s104488/Appendix%20-%20MTFS%20for%20Council%202023-02-23.pdf,P18-19,3.1%,29.96,YES,19.00,10.00,29.00,12.20%,13.91,5.8%,56.78,NO,NA,,
Bath and North East Somerset,England,South West,Unitary Authority,"192,423",131.03,"1,653.90",4.99,YES,2.40,https://democracy.bathnes.gov.uk/documents/s75970/Annex%202i%20-%202023-24%20to%202025-26%20Budget%20Savings%20and%20Income%20Proposals.pdf,,1.8%,12.47,NO,0.00,0.00,0.00,0.00%,14.51,11.1%,75.41,NO,NA,,
Bedford,England,East,Unitary Authority,"185,761",158.50,"1,737.92",2.9,YES,6.30,,,4.0%,33.91,YES,2.10,0.00,2.10,1.32%,22.00,13.9%,118.43,NO,NA,,
Belfast City Council,Northern Ireland,NA,Council Area,"345,006",DNA,NA,7.99,DNA,DNA,DNA,DNA,NA,NA,DNA,DNA,DNA,0.00,NA,DNA,NA,,NO,NA,Declined to Answer,
Bexley,England,London,London Borough,"246,543",DNC,"1,603.62",4.99,DNC,DNC,DNC,DNC,NA,NA,DNC,DNC,DNC,0.00,NA,DNC,NA,,NO,NA,Declined to Confirm,
Birmingham,England,West Midlands,Metropolitan District,"1,142,494",925.08,"1,630.16",4.99,YES,48.86,https://birmingham.cmis.uk.com/Birmingham/Document.ashx?czJKcaeAi5tUFL1DTL2UE4zNRBcoShgo=p93dU8aUBBE9bM%2b8TnupORYb2ovDLaESDhcB3VcylhTwxV%2f5BzgeSg%3d%3d&rUzwRPf%2bZ3zd4E7Ikn8Lyw%3d%3d=pwRE6AGJFLDNlh225F5QMaQWCtPHwdhUfCZ%2fLUQzgA2uL5jNRG4jdQ%3d%3d&mCTIbCubSFfXsDGW9IXnlg%3d%3d=hFflUdN3100%3d&kCx1AnS9%2fpWZQ40DXFvdEw%3d%3d=hFflUdN3100%3d&uJovDxwdjMPoYv%2bAJvYtyA%3d%3d=ctNJFf55vVA%3d&FgPlIEJYlotS%2bYGoBi5olA%3d%3d=NHdURQburHA%3d&d9Qjj0ag1Pd993jsyOJqFvmyB7X0CSQK=ctNJFf55vVA%3d&WGewmoAfeNR9xqBux0r1Q8Za60lavYmz=ctNJFf55vVA%3d&WGewmoAfeNQ16B2MHuCpMRKZMwaG1PaO=ctNJFf55vVA%3d,Appendix E,5.3%,42.76,YES,8.88,5.08,13.96,1.51%,0.00,0.0%,0.00,NO,NA,,
Blackburn with Darwen,England,North West,Unitary Authority,"154,922",154.98,"1,782.58",4.99,YES,3.18,https://democracy.blackburn.gov.uk/documents/s19731/App%20A%20to%20E%20-%20Report%20to%20Finance%20Council%202023-24.pdf,Appendix B,2.0%,20.50,YES,2.69,7.09,9.78,6.31%,18.65,12.0%,120.41,NO,NA,,
Blackpool,England,North West,Unitary Authority,"140,954",176.22,"1,837.23",4.99,YES,23.40,https://democracy.blackpool.gov.uk/documents/s80099/Appendix%204b%20-%20Budget%20Savings%20Proposals%202023-24.pdf,,13.3%,165.98,YES,0.00,13.54,13.54,7.68%,34.80,19.7%,246.89,NO,NA,,
Blaenau Gwent,Wales,NA,Unitary Authority,"66,993",181.85,1828.39,3.45,DNA,DNA,DNA,DNA,NA,NA,YES,4.20,0.00,4.20,2.31%,10.53,5.8%,157.20,NO,NA,,
Bolton,England,Greater Manchester,Metropolitan District,"296,041",515.98,"1,687.64",3.99,YES,4.30,https://www.democracy.bolton.gov.uk/CMIS5/Document.ashx?czJKcaeAi5tUFL1DTL2UE4zNRBcoShgo=z2npJLtEgUUYQcvX8SmbCisR8gs2yDq8lhjNewIW9EQLGymxk7ZcCw%3d%3d&rUzwRPf%2bZ3zd4E7Ikn8Lyw%3d%3d=pwRE6AGJFLDNlh225F5QMaQWCtPHwdhUfCZ%2fLUQzgA2uL5jNRG4jdQ%3d%3d&mCTIbCubSFfXsDGW9IXnlg%3d%3d=hFflUdN3100%3d&kCx1AnS9%2fpWZQ40DXFvdEw%3d%3d=hFflUdN3100%3d&uJovDxwdjMPoYv%2bAJvYtyA%3d%3d=ctNJFf55vVA%3d&FgPlIEJYlotS%2bYGoBi5olA%3d%3d=NHdURQburHA%3d&d9Qjj0ag1Pd993jsyOJqFvmyB7X0CSQK=ctNJFf55vVA%3d&WGewmoAfeNR9xqBux0r1Q8Za60lavYmz=ctNJFf55vVA%3d&WGewmoAfeNQ16B2MHuCpMRKZMwaG1PaO=ctNJFf55vVA%3d,Go to 4,0.8%,14.53,YES,0.00,8.80,8.80,1.71%,25.00,4.8%,84.45,NO,NA,,
"Bournemouth, Christchurch and Poole",England,South East,Unitary Authority,"400,109",308.83,"1,683.23",4.99,YES,35.10,https://democracy.bcpcouncil.gov.uk/documents/s40438/Appendix%206a%20-%20List%20One%20and%20List%20Two%20Savings%20Schedules%2026012023.pdf,List 1,11.4%,87.73,YES,0.00,0.30,0.30,0.10%,26.40,8.5%,65.98,NO,NA,,
Bracknell Forest,England,South East,Unitary Authority,"125,174",89.29,"1,539.36",4.99,YES,7.50,https://democratic.bracknell-forest.gov.uk/documents/s182537/Budget%20supporting%20document.pdf,P53,8.4%,59.92,YES,3.59,0.00,3.59,4.02%,DNA,NA,NA,NO,NA,,
Bradford,England,Yorkshire and The Humber,Metropolitan District,"546,976",453.16,"1,620.98",4.99,YES,36.00,https://bradford.moderngov.co.uk/documents/g7808/Public%20reports%20pack%2023rd-Feb-2023%2016.00%20Council.pdf?T=10,Appendix E/F,7.9%,65.82,YES,42.50,10.25,52.75,11.64%,DNA,NA,NA,NO,NA,,
Brent,England,London,London Borough,"338,918",358.40,"1,490.31",4.99,YES,13.50,https://democracy.brent.gov.uk/documents/s129625/07.%20Budget%20and%20Council%20Tax%202023-24.pdf?_ga=2.194133416.403347695.1683296103-1786354745.1681831668,Go to 5.3,3.8%,39.83,NO,0.00,0.00,0.00,0.00%,DNA,NA,NA,NO,NA,,
Bridgend,Wales,NA,Unitary Authority,"145,760",342.00,1675.26,4.9,YES,2.60,https://democratic.bridgend.gov.uk/documents/s29219/Appendix%20F%20-%20Base%20Budget%20by%20Service%20Area.pdf?LLL=0,By service area,0.8%,17.84,NO,0.00,0.00,0.00,0.00%,6.50,1.9%,44.59,NO,NA,,
Brighton and Hove,England,South East,Unitary Authority,"276,334",232.00,"1,883.95",4.99,YES,14.17,,,6.1%,51.29,NO,0.00,0.00,0.00,0.00%,44.00,19.0%,159.23,NO,NA,,
"Bristol, City of",England,South West,Unitary Authority,"471,117",485.30,"1,996.09",4.99,YES,26.20,,,5.4%,55.61,YES,3.90,0.00,3.90,0.80%,8.90,1.8%,18.89,NO,NA,,
Bromley,England,London,London Borough,"329,830",255.40,"1,408.05",4.99,YES,5.90,,,2.3%,17.89,YES,0.00,7.00,7.00,2.74%,10.10,4.0%,30.62,NO,NA,,
Buckinghamshire,England,South East,Unitary Authority,"555,257",504.34,"1,760.74",4.99,YES,9.67,https://buckinghamshire.moderngov.co.uk/documents/s57066/Appendix%203%20-%20Revenue%20Budget%20detailed%20changes%2014022023%20Cabinet.pdf,,1.9%,17.42,YES,7.17,0.00,7.17,1.42%,DNA,NA,NA,NO,NA,,
Bury,England,North West,Metropolitan District,"193,823",210.81,"1,828.31",4.99,YES,14.61,,,6.9%,75.37,YES,4.80,3.41,8.21,3.89%,DNA,NA,NA,NO,NA,,
Caerphilly,Wales,NA,Unitary Authority,"176,005",438.72,1353.01,7.9,YES,11.80,,,2.7%,67.04,YES,0.00,15.35,15.35,3.50%,48.34,11.0%,274.62,NO,NA,,
Calderdale,England,Yorkshire and The Humber,Metropolitan District,"206,818",196.65,"1,757.74",4.99,YES,3.00,https://www.calderdale.gov.uk/v2/sites/default/files/Approved_Budget_2023-24_to_2025-26.pdf,See page 9,1.5%,14.51,YES,0.00,2.59,2.59,1.32%,3.40,1.7%,16.44,NO,NA,,
Cambridgeshire,England,East,County,"680,407",496.00,"1,542.87",4.99,YES,18.69,https://www.cambridgeshire.gov.uk/asset-library/Business-Plan-Section-2-Medium-Term-Financial-Strategy-2023-24-to-2027-28.pdf,See chapter 6,3.8%,27.47,YES,4.00,15.00,19.00,3.83%,33.98,6.9%,49.94,NO,NA,,
Camden,England,London,London Borough,"210,390",269.00,"1,466.32",4.99,YES,16.50,,,6.1%,78.43,NO,0.00,0.00,0.00,0.00%,40.00,14.9%,190.12,NO,NA,,
Cardiff,Wales,NA,Unitary Authority,"359,512",803.00,1387.47,3.95,YES,17.70,,,2.2%,49.23,YES,0.00,1.50,1.50,0.19%,67.90,8.5%,188.87,NO,NA,,
Carmarthenshire,Wales,NA,Unitary Authority,"188,191",450.00,1490.97,6.8,DNA,DNA,DNA,DNA,NA,NA,DNA,DNA,DNA,DNA,NA,DNA,NA,NA,NO,NA,,
Causeway Coast and Glens Borough Council,Northern Ireland,NA,Council Area,"141,664",DNA,NA,7.95,DNA,DNA,DNA,DNA,NA,NA,DNA,DNA,DNA,DNA,NA,DNA,NA,,NO,NA,Declined to Answer,
Central Bedfordshire,England,East,Unitary Authority,"295,541",252.10,"1,669.02",0,YES,9.50,https://cms-centralbedfordshire-uk.azeusconvene.com/data/6c64559c-3a88-42c4-ba5e-184d964bf710/parts/8.7%20Appendix%20D(ii)%20-%20Efficiencies%20by%20Directorate.pdf,See under social care,3.8%,32.14,YES,DNA,DNA,DNA,NA,4.70,1.9%,15.90,NO,NA,,
Ceredigion,Wales,NA,Unitary Authority,"70,658",180.10,1553.6,7.3,DNA,DNA,DNA,DNA,NA,NA,YES,11.51,0.00,11.51,6.39%,DNA,NA,NA,NO,NA,,
Cheshire East,England,North West,Unitary Authority,"400,528",353.10,"1,707.39",4.99,DNA,DNA,DNA,DNA,NA,NA,DNA,DNA,DNA,DNA,NA,DNA,NA,NA,NO,NA,,
Cheshire West and Chester,England,North West,Unitary Authority,"357,699",383.40,"1,794.52",4.99,YES,25.40,,,6.6%,71.01,YES,14.50,,14.50,3.78%,43.90,11.5%,122.73,NO,NA,,
City of Edinburgh,Scotland,NA,Council Area,"526,470",1305.00,1447.69,5,YES,13.80,"The savings are spread across a number of areas but the main elements are (i) supply-side initiatives and demand management in Homelessness Services of £5.3m, (ii) fees and charges (including parking) of £4.1m and (iii) staffing reviews of £1.9m",,1.1%,26.21,NO,0,0,0.00,0.00%,69.20,5.3%,131.44,NO,NA,,
City of London,England,London,London Borough,"8,618",DNC,961.15,4.99,DNC,DNC,DNC,DNC,NA,NA,DNC,DNC,DNC,DNC,NA,DNC,NA,,NO,NA,Declined to Confirm,
Clackmannanshire,Scotland,NA,Council Area,"51,540",152.00,1410.96,5,YES,3.84,,,2.5%,74.52,YES,6.96,0.00,6.96,4.58%,17.30,11.4%,335.66,NO,NA,,
Conwy,Wales,NA,Unitary Authority,"114,828",280.70,1580.53,9.9,YES,11.57,,,4.1%,100.76,YES,0.72,0.00,0.72,0.26%,DNA,NA,NA,NO,NA,,
Cornwall,England,South West,Unitary Authority,"572,010",DNC,"1,802.79",4.99,DNC,DNC,DNC,DNC,NA,NA,DNC,DNC,DNC,0.00,NA,DNC,NA,,NO,NA,Declined to Confirm,
County Durham,England,North East,Unitary Authority,"521,346",520.18,"1,842.25",4.99,YES,12.38,https://democracy.durham.gov.uk/documents/s168048/Feb%2023%20Cabinet%20Report%20-%20FINAL%20Version%2030%20Jan%2023.pdf,Appendix 5,2.4%,23.75,YES,0.00,10.03,10.03,1.93%,17.77,3.4%,34.08,NO,NA,,
Coventry,England,West Midlands,Metropolitan District,"343,320",261.00,"1,909.87",4.9,YES,0.2,,,0.1%,0.58,NO,0.00,0.00,0.00,0.00%,50.80,19.5%,147.97,NO,NA,,
Croydon,England,London,London Borough,"390,506",340.91,"1,805.42",14.99,YES,36.10,https://democracy.croydon.gov.uk/documents/s43198/Appendix%20C%20-%20Budget%20and%20Council%20Tax.pdf,See P1 for summary,10.6%,92.44,YES,0.00,1.72,1.72,0.50%,5.08,1.5%,13.01,YES,63,,
Cumberland,England,North West,County,"273,300",DNA,1730.84,4.99,DNA,DNA,DNA,DNA,NA,NA,DNA,DNA,DNA,0.00,NA,DNA,NA,,YES,40,Declined to Answer,
Darlington,England,North East,Unitary Authority,"108,222",DNC,"1,777.33",4.99,DNC,DNC,DNC,DNC,NA,NA,DNC,DNC,DNC,0.00,NA,DNC,NA,,NO,NA,Declined to Confirm,
Denbighshire,Wales,NA,Unitary Authority,"96,046",250.79,1535.37,3.8,YES,8.17,,,3.3%,85.08,YES,0.00,4.70,4.70,1.87%,DNA,NA,NA,NO,NA,,
Derby,England,East Midlands,Unitary Authority,"261,136",284.105,"1,656.67",4.99,YES,16.20,,,5.7%,62.02,YES,0.00,0.67,0.67,0.24%,17.16,6.0%,65.69,NO,NA,,
Derbyshire,England,East Midlands,County,"796,847",678.20,"1,477.98",3.75,YES,16.20,,,2.4%,20.33,YES,0.00,23.70,23.70,3.49%,DNA,NA,NA,NO,NA,,
Derry City and Strabane District Council,Northern Ireland,NA,Council Area,"150,834",74.31,NA,7.97,YES,3.55,,,4.8%,23.52,YES,1.25,0.45,1.70,2.28%,DNA,NA,NA,NO,NA,,
Devon,England,South West,County,"814,440",DNC,"1,634.13",4.99,DNC,DNC,DNC,DNC,NA,NA,DNC,DNC,DNC,0.00,NA,DNC,NA,,NO,NA,Declined to Confirm,
Doncaster,England,Yorkshire and The Humber,Metropolitan District,"308,705",255.80,"1,571.32",3.99,YES,10.50,,,4.1%,34.01,YES,0.00,2.40,2.40,0.94%,22.30,8.7%,72.24,NO,NA,,
Dorset,England,South West,Unitary Authority,"381,292",347.60,"1,905.93",4,YES,15.80,,,4.5%,41.44,NO,0.00,0.00,0.00,0.00%,DNA,NA,NA,NO,NA,,
Dudley,England,West Midlands,Metropolitan District,"323,581",147.17,"1,568.40",4.99,YES,7.80,,,5.3%,24.11,YES,4.20,3.10,7.30,4.96%,0.00,0.0%,0.00,NO,NA,,
Dumfries and Galloway,Scotland,NA,Council Area,"148,790",430.35,1334.85,6,YES,2.40,https://dumfriesgalloway.moderngov.co.uk/documents/s46848/Conservatives%20Budget%20Proposal%20202324%20-202526.pdf,,0.6%,16.11,YES,2.81,0.00,2.81,0.65%,40.00,9.3%,268.84,NO,NA,,
Dundee City,Scotland,NA,Council Area,"147,720",DNA,1486.43,4.75,YES,18.00,,,NA,121.85,DNA,DNA,DNA,DNA,NA,DNA,NA,NA,NO,NA,,
Ealing,England,London,London Borough,"366,127",286.68,"1,406.75",4.99,YES,10.15,https://ealing.moderngov.co.uk/documents/s4751/2023-24%20Budget%20Strategy%20Report%20Final.pdf,Table 7,3.5%,27.73,NO,0.00,0.00,0.00,0.00%,60.12,21.0%,164.20,NO,NA,,
East Ayrshire,Scotland,NA,Council Area,"122,020",392.00,1487.44,5,YES,8.00,,,2.0%,65.56,NO,0.00,0.00,0.00,0.00%,22.00,5.6%,180.30,NO,NA,,
East Dunbartonshire,Scotland,NA,Council Area,"108,900",322.07,1415.66,5,YES,20.63,,,6.4%,189.43,DNA,DNA,DNA,DNA,NA,DNA,NA,NA,NO,NA,,
East Lothian,Scotland,NA,Council Area,"109,580",320.39,1435.62,7,YES,6.74,https://www.eastlothian.gov.uk/meetings/meeting/16950/east_lothian_council,5b,2.1%,61.49,YES,7.38,0.00,7.38,2.30%,47.92,15.0%,437.30,NO,NA,,
East Renfrewshire,Scotland,NA,Council Area,"96,580",302.53,1415.66,6,YES,4.10,https://www.eastrenfrewshire.gov.uk/media/8851/Approved-budget-motion/pdf/Approved_budget_motion.pdf?m=638132833491570000,,1.4%,42.45,YES,7.53,0.00,7.53,2.49%,48.49,16.0%,502.03,NO,NA,,
East Riding of Yorkshire,England,Yorkshire and The Humber,Unitary Authority,"343,143",DNC,"1,701.46",4.98,DNC,DNC,DNC,DNC,NA,NA,DNC,DNC,DNC,0.00,NA,DNC,NA,,NO,NA,Declined to Confirm,
East Sussex,England,South East,County,"546,924",501.40,"1,693.80",4.99,NO,0.00,https://www.eastsussex.gov.uk/your-council/about/ctax-summary/council-tax-summary-2023-to-2024#%22Stability%20means%20no%20new%20cuts%20to%20services%22,,0.0%,0.00,NO,0.00,0.00,0.00,0.00%,40.67,8.1%,74.36,NO,NA,,
Enfield,England,London,London Borough,"329,601",DNC,"1,518.30",4.99,DNC,DNC,DNC,DNC,NA,NA,DNC,DNC,DNC,0.00,NA,DNC,NA,,NO,NA,Declined to Confirm,
Essex,England,South East,County,"1,506,345",1177.00,"1,450.17",3.5,YES,36.00,https://cmis.essex.gov.uk/essexcmis5/Document.ashx?czJKcaeAi5tUFL1DTL2UE4zNRBcoShgo=OocLZ0WcPnsJSvHbaj3a5EIdWWl9vH%2fbsb8fr84vHv5%2f4n5M47wm3Q%3d%3d&rUzwRPf%2bZ3zd4E7Ikn8Lyw%3d%3d=pwRE6AGJFLDNlh225F5QMaQWCtPHwdhUfCZ%2fLUQzgA2uL5jNRG4jdQ%3d%3d&mCTIbCubSFfXsDGW9IXnlg%3d%3d=hFflUdN3100%3d&kCx1AnS9%2fpWZQ40DXFvdEw%3d%3d=hFflUdN3100%3d&uJovDxwdjMPoYv%2bAJvYtyA%3d%3d=ctNJFf55vVA%3d&FgPlIEJYlotS%2bYGoBi5olA%3d%3d=NHdURQburHA%3d&d9Qjj0ag1Pd993jsyOJqFvmyB7X0CSQK=ctNJFf55vVA%3d&WGewmoAfeNR9xqBux0r1Q8Za60lavYmz=ctNJFf55vVA%3d&WGewmoAfeNQ16B2MHuCpMRKZMwaG1PaO=ctNJFf55vVA%3d,6 for adult social care,3.1%,23.90,NO,0.00,0.00,0.00,0.00%,63.00,5.4%,41.82,NO,NA,,
Falkirk,Scotland,NA,Council Area,"160,700",427.70,1363.82,7,YES,7.90,https://www.falkirk.gov.uk/coins/viewDoc.asp?c=e%97%9Dc%91i%82%8B,5.4,1.8%,49.16,YES,3.40,0.00,3.40,0.79%,55.50,13.0%,345.36,NO,NA,,
Fermanagh and Omagh District Council,Northern Ireland,NA,Council Area,"116,926",41.20,NA,5.59,YES,0.30,https://scanner.topsec.com/?d=1783&r=show&u=https%3A%2F%2Ffermanaghomagh.public-minutes.com%2F%23c1de1d98c64b8c870fe73bd7656415fe&t=bdbdbeade0f510a8cd9b507dabcde1922bf3ea27,,0.7%,2.57,YES,0.00,2.95,2.95,7.16%,0.00,0.0%,0.00,NO,NA,,
Fife,Scotland,NA,Council Area,"374,730",975.67,1385.18,5,NO,0.00,,,0.0%,0.00,YES,8.00,0.00,8.00,0.82%,45.88,4.7%,122.45,NO,NA,,
Flintshire,Wales,NA,Unitary Authority,"155,076",252.00,"1,520.61",4.95,YES,9.27,https://committeemeetings.flintshire.gov.uk/ieListDocuments.aspx?CId=143&MId=5336&Ver=4&LLL=0,,3.7%,59.74,NO,0.00,0.00,0.00,0.00%,32.78,13.0%,211.37,NO,NA,,
Gateshead,England,North East,Metropolitan District,"196,154",289.90,"2,070.54",4.99,YES,13.08,https://www.gateshead.gov.uk/article/3641/Budget-Report,"Appendix 2, pages 26 & 27",4.5%,66.70,YES,0.00,25.88,25.88,8.93%,45.91,15.8%,234.06,NO,NA,,
Glasgow City,Scotland,NA,Council Area,"635,130",1919.26,1499,5,YES,31.26,https://www.glasgow.gov.uk/councillorsandcommittees/submissiondocuments.asp?submissionid=107173,,1.6%,49.21,YES,6.04,0.00,6.04,0.31%,196.00,10.2%,308.60,NO,NA,"The council advises: Regarding the shortfall figure, ""officers are currently working on updating the forecast"". On the figure provided, ""it must be stressed that this includes a much higher figure for 23/24 (largely due to the social care ringfencing issue) and does not take account of significant changes in pay negotiations (most obviously for teachers) which have taken place since then"".","The council advises: It should be noted that the average property in Glasgow is not Band D, it is more likely to be Band B. "
Gloucestershire,England,South West,County,"646,627",DNA,1523.78,4.99,DNA,DNA,DNA,DNA,NA,NA,DNA,DNA,DNA,0.00,NA,DNA,NA,,NO,NA,Declined to Answer,
Greenwich,England,London,London Borough,"289,254",310.70,"1,380.26",4.99,YES,11.60,https://committees.royalgreenwich.gov.uk/CalendarofMeetings/tabid/70/ctl/ViewMeetingPublic/mid/397/Meeting/2640/Committee/81/SelectedTab/Documents/Default.aspx,Item 14,3.7%,40.10,NO,0.00,0.00,0.00,0.00%,22.00,7.1%,76.06,NO,NA,,The council advises: The council plans to bring forward further savings proposals in order to minimise any potential use of reserves.
Gwynedd,Wales,NA,Unitary Authority,"117,072",317.88,"1,601.81",4.95,YES,5.19,https://democracy.gwynedd.llyw.cymru/documents/s37197/S - Adroddiad Cabinet - Arbedion 2023-24.pdf,Item 7,1.6%,44.37,YES,0.00,0.25,0.25,0.08%,DNA,NA,NA,NO,NA,Unable to provide shortfall figure. The council advises: it will be confirmed during 2023/24 once further information has been received.,
Hackney,England,London,London Borough,"259,956",355.44,1339.15,4.99,YES,5.74,https://hackney.moderngov.co.uk/documents/g5471/Public reports pack Monday 12-Dec-2022 18.00 Cabinet.pdf?T=10,,1.6%,22.08,NO,0.00,0.00,0.00,0.00%,39.70,11.2%,152.72,NO,NA,,
Halton,England,North West,Unitary Authority,"128,577",140.90,"1,675.29",4.99,YES,2.83,https://drive.google.com/file/d/1Dh6gbP5rPXvg6oT73x7t2VZXP6vATNT-/view?usp=sharing,Appendix 1,2.0%,22.01,YES,0.00,8.42,8.42,5.98%,21.50,15.3%,167.21,NO,NA,,
Hammersmith and Fulham,England,London,London Borough,"183,295",166.60,871.86,4.8,YES,2.90,https://democracy.lbhf.gov.uk/documents/s123417/Appendix%20C%20Investment%20and%20savings%20proposals.pdf,,1.7%,15.82,NO,0.00,0.00,0.00,0.00%,26.10,15.7%,142.39,NO,NA,,
Hampshire,England,South East,County,"1,406,199",902.00,"1,460.25",4.99,YES,80.00,https://democracy.hants.gov.uk/documents/g7744/Public%20reports%20pack%2012th-Oct-2021%2010.30%20Cabinet.pdf?T=10,,8.9%,56.89,YES,0.00,50.80,50.80,5.63%,132.00,14.6%,93.87,NO,NA,,
Haringey,England,London,London Borough,"264,130",DNA,1558.18,4.99,DNA,DNA,DNA,DNA,NA,NA,DNA,DNA,DNA,0.00,NA,DNA,NA,,NO,NA,Declined to Answer,
Harrow,England,London,London Borough,"260,987",DNA,1728.66,4.99,DNA,DNA,DNA,DNA,NA,NA,DNA,DNA,DNA,0.00,NA,DNA,NA,,NO,NA,Declined to Answer,
Hartlepool,England,North East,Unitary Authority,"92,571",DNA,1926.81,4.90,DNA,DNA,DNA,DNA,NA,NA,DNA,DNA,DNA,0.00,NA,DNA,NA,,NO,NA,Declined to Answer,
Havering,England,London,London Borough,"262,022",182.01,"1,653.99",4.99,YES,9.60,https://democracy.havering.gov.uk/ieListDocuments.aspx?CId=153&MId=7369&Ver=4,,5.3%,36.64,NO,0.00,0.00,0.00,0.00%,21.84,12.0%,83.37,NO,NA,,
"Herefordshire, County of",England,West Midlands,Unitary Authority,"187,557",193.31,"1,786.61",4.99,YES,14.14,https://councillors.herefordshire.gov.uk/documents/s50108021/Appendix%20B%20Directorate%20Savings%20Plans%20202324.pdf,,7.3%,75.36,NO,0.00,0.00,0.00,0.00%,9.28,4.8%,49.48,NO,NA,,
Hertfordshire,England,South East,County,"1,200,620",1057.08,"1,605.63",4.99,YES,27.40,"https://www.hertfordshire.gov.uk/about-the-council/freedom-of-information-and-council-data/open-data-statistics-about-hertfordshire/what-we-spend-and-how-we-spend-it/integrated-plan/integrated-plan.aspx#:~:text=The%20Integrated%20Plan%20brings%20together%20the%20financial%20impact,the%20Capital%20Programme%20and%20the%20Treasury%20Management%20Strategy.",Part A: Overview outlines the proposed revenue and capital budget and Part B: Strategic Direction outlines the savings proposals alongside pressures for each portfolio area.,2.6%,22.82,YES,0.00,18.80,18.80,1.78%,12.90,1.2%,10.74,NO,NA,,
Highland,Scotland,NA,Council Area,"238,060",702.70,1427,4,YES,22.20,https://www.highland.gov.uk/meetings/meeting/4754/highland_council,,3.2%,93.23,YES,23.27,0.00,23.27,3.31%,86.70,12.3%,364.19,NO,NA,,
Hillingdon,England,London,London Borough,"304,792",264.70,"1,326.32",4.99,YES,20.79,https://modgov-int.hillingdon.gov.uk/ieListDocuments.aspx?CId=115&MId=4492,Item 5,7.9%,68.21,YES,0.00,2.87,2.87,1.08%,7.50,2.8%,24.61,NO,NA,,
Hounslow,England,London,London Borough,"287,940",DNC,"1,447.38",4.99,DNC,DNC,DNC,DNC,NA,NA,DNC,DNC,DNC,0.00,NA,DNC,NA,,NO,NA,Declined to Confirm,
Inverclyde,Scotland,NA,Council Area,"76,700",233.33,1429.77,5.3,DNA,DNA,DNA,DNA,NA,NA,YES,3.00,0.00,3.00,1.29%,12.60,5.4%,164.28,NO,NA,,
Isle of Anglesey,Wales,NA,Unitary Authority,"68,944",175.60,1435.83,5,YES,1.39,https://democracy.anglesey.gov.uk/mgConvert2PDF.aspx?ID=19822,,0.8%,20.19,YES,3.78,0.00,3.78,2.15%,7.00,4.0%,101.53,NO,NA,,
Isle of Wight,England,South East,Unitary Authority,"140,889",178.80,"1,817.61",4.99,YES,3.90,https://iow.moderngov.co.uk/documents/g1438/Public%20reports%20pack%2022nd-Feb-2023%2017.00%20Full%20Council.pdf?T=10,Agenda item 6,2.2%,27.65,NO,0.00,0.00,0.00,0.00%,8.50,4.8%,60.30,NO,NA,,Adult Social Care is receiving additional funding of £7.6m
Isles of Scilly,England,South West,Unitary Authority,"2,271",6.33,"1,507.62",4.99,NO,0.00,,"Budget report 2023/24 that went to cabinet in February, table 11a",0.0%,0.00,YES,0.19,0.04,0.23,3.60%,0.00,0.0%,0.00,NO,NA,,
Islington,England,London,London Borough,"216,767",264.49,"1,380.52",4.99,YES,12.40,https://democracy.islington.gov.uk/ieListDocuments.aspx?CId=134&MId=4471,Appendix B – GF Proposed Savings 2023-24,4.7%,57.20,NO,0.00,0.00,0.00,0.00%,0.00,0.0%,0.00,NO,NA,,"The council advises: Please see our open letter to the Secretary of State for Health and Social Care, sent shortly after the Budget was passed, for our concerns about adult social care funding: https://www.islington.media/news/an-open-letter-to-steve-barclay-mp-secretary-of-state-for-health-and-social-care"
Kensington and Chelsea,England,London,London Borough,"143,940",185.39,"1,008.15",2.18,YES,13.60,https://www.rbkc.gov.uk/committees/Document.ashx?czJKcaeAi5tUFL1DTL2UE4zNRBcoShgo=GDA1oX%2fzR%2fvqYB1OdQvIqZ3xs8vFWGyZbNV65qtcGCY6tlF9KLb8nQ%3d%3d&rUzwRPf%2bZ3zd4E7Ikn8Lyw%3d%3d=pwRE6AGJFLDNlh225F5QMaQWCtPHwdhUfCZ%2fLUQzgA2uL5jNRG4jdQ%3d%3d&mCTIbCubSFfXsDGW9IXnlg%3d%3d=hFflUdN3100%3d&kCx1AnS9%2fpWZQ40DXFvdEw%3d%3d=hFflUdN3100%3d&uJovDxwdjMPoYv%2bAJvYtyA%3d%3d=ctNJFf55vVA%3d&FgPlIEJYlotS%2bYGoBi5olA%3d%3d=NHdURQburHA%3d&d9Qjj0ag1Pd993jsyOJqFvmyB7X0CSQK=ctNJFf55vVA%3d&WGewmoAfeNR9xqBux0r1Q8Za60lavYmz=ctNJFf55vVA%3d&WGewmoAfeNQ16B2MHuCpMRKZMwaG1PaO=ctNJFf55vVA%3d,,7.3%,94.48,NO,0.00,0.00,0.00,0.00%,21.32,11.5%,148.08,YES,51.8,,The shortfall figure assumes that the additional social care government grant ceases in 2025/26. The figure on the council tax raise excludes a 0.18% increase of Garden Square special expenses.
Kent,England,South East,County,"1,578,519",1315.61,"1,534.23",5,YES,39.13,https://democracy.kent.gov.uk/ieListDocuments.aspx?CId=113&MId=9026&Ver=4,https://democracy.kent.gov.uk/ieListDocuments.aspx?CId=115&MId=8995&Ver=4,3.0%,24.79,YES,0.00,8.52,8.52,0.65%,141.94,10.8%,89.92,NO,NA,,
"Kingston upon Hull, City of",England,Yorkshire and The Humber,Unitary Authority,"266,463",393.68,"1,618.83",4.99,YES,5.30,https://cmis.hullcc.gov.uk/cmis/CalendarofMeetings/tabid/70/ctl/ViewMeetingPublic/mid/397/Meeting/9859/Committee/3/SelectedTab/Documents/Default.aspx,Item 6 Appendix B (ii) and B (iii),1.3%,19.89,YES,0.00,3.40,3.40,0.86%,9.00,2.3%,33.78,NO,NA,,
Kingston upon Thames,England,London,London Borough,"167,845",142.13,"1,813.46",4.99,YES,8.14,https://moderngov.kingston.gov.uk/documents/b21046/Budget%20Pack%20-%20Medium%20Term%20Financial%20Strategy%20202324%20-%20202627%20and%20Detailed%20Budget%20and%20Council%20Tax%202.pdf?T=9,Annex 6,5.7%,48.49,NO,0.00,0.00,0.00,0.00%,37.20,26.2%,221.64,NO,NA,,
Kirklees,England,Yorkshire and The Humber,Metropolitan District,"433,355",373.00,"1,782.11",4.99,YES,18.60,https://democracy.kirklees.gov.uk/documents/s50465/Budget%20Book%20based%20on%20BUB%20v16.pdf,Appendix B,5.0%,42.92,YES,24.60,0.00,24.60,6.60%,50.00,13.4%,115.38,NO,NA,,
Knowsley,England,North West,Metropolitan District,"154,974",216.90,"1,753.18",4.99,NO,0.00,,,0.0%,0.00,YES,0.00,1.40,1.40,0.64%,3.86,1.8%,24.92,NO,NA,,
Lambeth,England,London,London Borough,"317,498",DNC,"1,327.76",4.99,DNC,DNC,DNC,DNC,NA,NA,DNC,DNC,DNC,0.00,NA,DNC,NA,,NO,NA,Declined to Confirm,
Lancashire,England,North West,County,"1,236,035",DNA,1574.71,3.99,DNA,DNA,DNA,DNA,NA,NA,DNA,DNA,DNA,0.00,NA,DNA,NA,,NO,NA,Declined to Answer,
Leeds,England,Yorkshire and The Humber,Metropolitan District,"809,036",573.36,"1,644.93",4.99,YES,58.60,https://democracy.leeds.gov.uk/documents/g12015/Public reports pack 22nd-Feb-2023 13.00 Council.pdf?T=10,Part 5,10.2%,72.43,YES,0.00,13.75,13.75,2.40%,71.70,12.5%,88.62,NO,NA,,
Leicester,England,East Midlands ,Unitary Authority,"366,018",348.60,"1,833.00",5,YES,6.00,https://www.leicester.gov.uk/media/buhbdloa/general-fund-revenue-budget-2023-2024.pdf,,1.7%,16.39,YES,34.10,0.00,34.10,9.78%,64.40,18.5%,175.95,NO,NA,,
Leicestershire,England,East Midlands,County,"712,572",512.00,"1,525.46",4.99,YES,12.30,https://politics.leics.gov.uk/ieListDocuments.aspx?CId=134&MId=6913&Ver=4,Item 38a,2.4%,17.26,NO,0.00,0.00,0.00,0.00%,63.00,12.3%,88.41,NO,NA,,"The Council advises: Leicestershire is the lowest funded county in the country. An example is that someone living in a £1m Westminster property pays £1,000 in Council Tax, compared to someone paying £2,500 in a £375,000 property in Coalville in Leicestershire."
Lewisham,England,London,London Borough,"299,810",263.68,"1,492.13",4.99,YES,12.59,https://councilmeetings.lewisham.gov.uk/ieListDocuments.aspx?CId=139&MId=7763,,4.8%,41.98,NO,0.00,0.00,0.00,0.00%,18.93,7.2%,63.12,NO,NA,,
Lincolnshire,England,East,County,"769,474",604.26,"1,503.63",4.99,YES,11.38,https://lincolnshire.moderngov.co.uk/documents/b23697/Item 6 - Budget Book 202324 - Amended folloiwng Full Council on 17 February 2023 17th-Feb-2023 10.pdf?T=9,,1.9%,14.79,YES,0.00,7.54,7.54,1.25%,3.74,0.6%,4.85,NO,NA,,
Lisburn and Castlereagh City Council,Northern Ireland,NA,Council Area,"149,272",61.93,NA,7.49,NO,0.00,,,0.0%,0.00,YES,0.58,0.00,0.58,0.93%,0.00,0.0%,0.00,NO,NA,,
Liverpool,England,North West,Metropolitan District,"484,488",567.46,"1,947.97",4.99,YES,48.95,https://councillors.liverpool.gov.uk/ieListDocuments.aspx?CId=308&MId=19924&Ver=4,,8.6%,101.04,NO,0.00,0.00,0.00,0.00%,1.88,0.3%,3.89,NO,NA,,
Luton,England,East,Unitary Authority,"224,826",156.81,"1,745.10",4.99,YES,6.41,https://democracy.luton.gov.uk/cmis5public/Document.ashx?czJKcaeAi5tUFL1DTL2UE4zNRBcoShgo=Q6f96zzk2erVhf7TOzJE3MoMY0nJK7q2%2fbby4O6VFVJr145u3jRXww%3d%3d&rUzwRPf%2bZ3zd4E7Ikn8Lyw%3d%3d=pwRE6AGJFLDNlh225F5QMaQWCtPHwdhUfCZ%2fLUQzgA2uL5jNRG4jdQ%3d%3d&mCTIbCubSFfXsDGW9IXnlg%3d%3d=hFflUdN3100%3d&kCx1AnS9%2fpWZQ40DXFvdEw%3d%3d=hFflUdN3100%3d&uJovDxwdjMPoYv%2bAJvYtyA%3d%3d=ctNJFf55vVA%3d&FgPlIEJYlotS%2bYGoBi5olA%3d%3d=NHdURQburHA%3d&d9Qjj0ag1Pd993jsyOJqFvmyB7X0CSQK=ctNJFf55vVA%3d&WGewmoAfeNR9xqBux0r1Q8Za60lavYmz=ctNJFf55vVA%3d&WGewmoAfeNQ16B2MHuCpMRKZMwaG1PaO=ctNJFf55vVA%3d,,4.1%,28.49,NO,0.00,0.00,0.00,0.00%,7.68,4.9%,34.16,NO,NA,,
Manchester,England,North West,Metropolitan District,"549,853",736.20,"1,618.25",4.99,YES,15.30,https://democracy.manchester.gov.uk/ieListDocuments.aspx?CId=135&MId=4049&Ver=4,,2.1%,27.83,DNA,DNA,DNA,DNA,NA,40.00,5.4%,72.75,NO,NA,,
Medway,England,South East,Unitary Authority,"279,827",388.27,"1,671.23",4.99,YES,9.98,https://democracy.medway.gov.uk/ieIssueDetails.aspx?IId=34744&Opt=3,"Details of all pressures (and where later projections enabled us to reduce those pressures), additional income and savings identified incorporated in the 2023/24 budget are set out for each Council Directorate in Appendices 2B, 3B and 4B of the budget report here, and in paragraph 24.3 of the revised recommendations, on the Council’s website",2.6%,35.68,YES,0.00,2.99,2.99,0.77%,27.53,7.1%,98.38,NO,NA,,Giving the worst-case scenario: potential budget gap of between £12.970m and £27.529m for 2025/26
Merthyr Tydfil,Wales,NA,Unitary Authority,"58,866",152.65,"1,828.34",4.7,YES,0.80,(Identification of savings ongoing),,0.5%,13.56,YES,0.00,5.50,5.50,3.60%,16.11,10.6%,273.59,NO,NA,,
Merton,England,London,London Borough,"215,324",DNA,1455.13,5.00,DNA,DNA,DNA,DNA,NA,NA,DNA,DNA,DNA,0.00,NA,DNA,NA,,NO,NA,Declined to Answer,
Mid and East Antrim Borough Council,Northern Ireland,NA,Council Area,"139,127",DNA,NA,5.43,DNA,DNA,DNA,DNA,NA,NA,DNA,DNA,DNA,0.00,NA,DNA,NA,,NO,NA,Declined to Answer,
Mid Ulster District Council - Dungannon,Northern Ireland,NA,Council Area,"150,598",53.26,NA,7.3,YES,3.27,https://mid-ulster.cmis-ni.org/midulster/Decisions/tabid/67/ctl/ViewCMIS_DecisionDetails/mid/391/Id/4870aef1-b49d-4993-925c-9eb6c63409b1/Default.aspx,,6.1%,21.74,YES,2.40,0.00,2.40,4.51%,DNA,NA,NA,NO,NA,Unable to provide shortfall figure. The council advises: Officers are presently revisiting the Council’s medium term financial plan to assess funding implications for 2025/26.,The council advises: The reserves applied had previously been ear-marked but redesignated to enable the Council to strike an affordable district Rate.
Middlesbrough,England,North East,Unitary Authority,"143,734",126.35,"1,881.86",3.99,YES,9.40,https://moderngov.middlesbrough.gov.uk/mgAi.aspx?ID=7177#mgDocuments,,7.4%,65.40,NO,0.00,0.00,0.00,0.00%,5.40,4.3%,37.57,NO,NA,,
Midlothian,Scotland,NA,Council Area,"94,680",264.40,1514.73,5,YES,3.57,https://midlothian.cmis.uk.com/live/Meetings/tabid/70/ctl/ViewMeetingPublic/mid/397/Meeting/1606/Committee/10/SelectedTab/Documents/Default.aspx,Various papers under item 8.7 ,1.4%,37.75,YES,0.00,1.10,1.10,0.42%,15.74,6.0%,166.24,NO,NA,,Net use of Service Concession Fiscal Flexibility savings: £6.8m
Milton Keynes,England,South East,Unitary Authority,"288,201",246.70,"1,596.43",4.99,YES,10.94,,,4.4%,37.95,NO,0.00,0.00,0.00,0.00%,12.00,4.9%,41.63,NO,NA,,
Monmouthshire,Wales,NA,Unitary Authority,"93,194",200.81,"1,564.66",5.95,YES,10.15,https://democracy.monmouthshire.gov.uk/ieListDocuments.aspx?CId=144&MId=4986,,5.1%,108.91,YES,0.00,7.00,7.00,3.49%,15.00,7.5%,160.95,NO,NA,,
Moray,Scotland,NA,Council Area,"96,410",260.84,1430.69,5,YES,4.47,https://moray.cmis.uk.com/moray/Document.ashx?czJKcaeAi5tUFL1DTL2UE4zNRBcoShgo=b1dHQmlgHFNAVzqUfJTpyY%2ftruEQJc3gB5T427t9DOmZSG%2brisHHVg%3d%3d&rUzwRPf%2bZ3zd4E7Ikn8Lyw%3d%3d=pwRE6AGJFLDNlh225F5QMaQWCtPHwdhUfCZ%2fLUQzgA2uL5jNRG4jdQ%3d%3d&mCTIbCubSFfXsDGW9IXnlg%3d%3d=hFflUdN3100%3d&kCx1AnS9%2fpWZQ40DXFvdEw%3d%3d=hFflUdN3100%3d&uJovDxwdjMPoYv%2bAJvYtyA%3d%3d=ctNJFf55vVA%3d&FgPlIEJYlotS%2bYGoBi5olA%3d%3d=NHdURQburHA%3d&d9Qjj0ag1Pd993jsyOJqFvmyB7X0CSQK=ctNJFf55vVA%3d&WGewmoAfeNR9xqBux0r1Q8Za60lavYmz=ctNJFf55vVA%3d&WGewmoAfeNQ16B2MHuCpMRKZMwaG1PaO=ctNJFf55vVA%3d,Savings appendix,1.7%,46.31,YES,0.00,17.85,17.85,6.84%,20.86,8.0%,216.33,NO,NA,,
Na h-Eileanan Siar,Scotland,NA,Council Area,"26,640",122.30,1290.75,5,YES,1.70,https://www.cne-siar.gov.uk/media/20554/1A-Budget-and-Council-Tax-Setting-2023-24.pdf,Appendix C of the Budget and Council Tax Setting Report,1.4%,63.81,YES,3.50,0.00,3.50,2.86%,DNA,NA,NA,NO,NA,"Unable to provide shortfall figure. The council advises: we do predict a shortfall in 2025/26. The MTFP is currently being reviewed, so the level of the shortfall not clear at this stage. The shortfall for 2024/25 is around £6.5m.",
Neath Port Talbot,Wales,NA,Unitary Authority,"141,931",DNA,1734.72,4.50,DNA,DNA,DNA,DNA,NA,NA,DNA,DNA,DNA,0.00,NA,DNA,NA,,NO,NA,Declined to Answer,
Newcastle upon Tyne,England,North East,Metropolitan District,"298,264",262.20,"1,919.32",3.99,YES,23.10,https://new.newcastle.gov.uk/budget-policies-performance-data/council-budget/how-we-spend-our-budget,,8.8%,77.45,YES,0.00,3.90,3.90,1.49%,44.30,16.9%,148.53,NO,NA,,
Newham,England,London,London Borough,"350,626",363.00,"1,193.39",4.99,YES,19.00,https://mgov.newham.gov.uk/documents/s161635/Appendix%202%20-%20Saving%20Options.pdf,Appendix 2,5.2%,54.19,NO,0.00,0.00,0.00,0.00%,DNA,NA,NA,NO,NA,"Unable to provide shortfall figure. The council advises: Central government funding, through either the national NNDR funding system, or revenue grants makes up broadly two thirds of Newham Council’s net budget. The other third is made up of council tax, and central government determine a limit to any % increase that might be applied to council tax. At the time of writing central government has not made any meaningful announcements on any of these funding streams, so although a funding gap is expected, we are therefore not able to accurately plan for either the 2024/25 or 2025/26 financial year",
Newport,Wales,NA,Unitary Authority,"159,658",373.00,"1,380.13",8.5,YES,19.50,https://democracy.newport.gov.uk/ieListDocuments.aspx?CId=130&MId=8183&Ver=4&LLL=0,Some changes to savings proposals were announced in the meeting itself and were reflected in the final budget proposal considered by Council on 28th February 2023,5.2%,122.14,NO,0.00,0.00,0.00,0.00%,26.97,7.2%,168.90,NO,NA,,
"Newry, Mourne and Down District Council",Northern Ireland,NA,Council Area,"182,345",67.40,NA,5.99,YES,11.60,https://www.newrymournedown.org/media/uploads/Council_Agenda_06-02-2023.pdf,Page 9-52,17.2%,63.62,YES,0.72,2.25,2.97,4.41%,DNA,NA,NA,NO,NA,Unable to provide shortfall figure. The council advises: the Council’s four year rates estimate process is to commence in line with the new sitting Council from 1 June 2023. Work will begin at the first Finance Working Group meeting once Membership has been determined.,
Norfolk,England,East,County,"918,369",493.71,"1,592.64",4.99,YES,59.70,https://norfolkcc.cmis.uk.com/norfolkcc/Document.ashx?czJKcaeAi5tUFL1DTL2UE4zNRBcoShgo=ex3KyY1I4R9ikHOvk6fzfW3uwmipZYCLOSJ76fWnqRmReGqqWaCakA%3d%3d&rUzwRPf%2bZ3zd4E7Ikn8Lyw%3d%3d=pwRE6AGJFLDNlh225F5QMaQWCtPHwdhUfCZ%2fLUQzgA2uL5jNRG4jdQ%3d%3d&mCTIbCubSFfXsDGW9IXnlg%3d%3d=hFflUdN3100%3d&kCx1AnS9%2fpWZQ40DXFvdEw%3d%3d=hFflUdN3100%3d&uJovDxwdjMPoYv%2bAJvYtyA%3d%3d=ctNJFf55vVA%3d&FgPlIEJYlotS%2bYGoBi5olA%3d%3d=NHdURQburHA%3d&d9Qjj0ag1Pd993jsyOJqFvmyB7X0CSQK=ctNJFf55vVA%3d&WGewmoAfeNR9xqBux0r1Q8Za60lavYmz=ctNJFf55vVA%3d&WGewmoAfeNQ16B2MHuCpMRKZMwaG1PaO=ctNJFf55vVA%3d,,12.1%,65.01,YES,0.00,19.06,19.06,3.86%,82.74,16.8%,90.10,NO,NA,,
North Ayrshire,Scotland,NA,Council Area,"134,220",406.06,1452.12,5,YES,12.45,https://www.north-ayrshire.gov.uk/Documents/CorporateServices/Finance/nac-revenue-budget-book-2023-24.pdf,,3.1%,92.74,YES,3.41,0.00,3.41,0.84%,31.67,7.8%,235.97,NO,NA,,
North East Lincolnshire,England,Yorkshire and The Humber,Unitary Authority,"157,197",167.91,"1,788",3.98,YES,6.30,,,3.8%,40.06,NO,0.00,0.00,0.00,0.00%,13.40,8.0%,85.22,NO,NA,,
North Lanarkshire,Scotland,NA,Council Area,"341,400",978.62,1320.78,5,YES,7.61,att100246.pdf (northlanarkshire.gov.uk),https://mars.northlanarkshire.gov.uk/egenda/images/att100249.pdf,0.8%,22.30,YES,17.68,0.00,17.68,1.81%,46.94,4.8%,137.49,NO,NA,,
North Lincolnshire,England,Yorkshire and the Humber,Unitary Authority,"169,940",DNA,1654.96,1.74,DNA,DNA,DNA,DNA,NA,NA,DNA,DNA,DNA,0.00,NA,DNA,NA,,NO,NA,Declined to Answer,
North Northamptonshire,England,East Midlands,County,"360,381",336.60,"1,657.51",4.99,YES,14.70,https://northnorthants.moderngov.co.uk/documents/s14564/Appendix B MTFP Detail.pdf,"Appendix B, MTFP",4.4%,40.79,NO,0.00,0.00,0.00,0.00%,53.30,15.8%,147.90,NO,NA,"The council advises: the Council has a net movement in reserves of £6.35million, however the reserves have not been used to balance the budget – reserves of £2.47m have been used to fund planned time-limited expenditure costs using earmarked reserves. Use of £3.88m of reserves is for the adjustment in respect of Business Rates grants under S31 of the Local Government Finance Act 2008 received in 2022-23, which is budgeted to be drawn down in 2023-24 to fund the Business Rates Collection Fund deficit. The is a lag in the timing between when the grant is received and the impact on the Collection Fund which is managed through the reserves to transfer the resources across financial years (this is the same for all Councils in receipt of BR grant).","The council advises: the shortfall figure makes assumptions regarding potential changes in the national funding regime for 2025/26 including Business Rates reset. However, this is yet to be confirmed."
North Somerset,England,South West,Unitary Authority,"217,399",202.77,"1,627.38",4.99,YES,10.42,https://n-somerset.moderngov.co.uk/documents/s4287/14 Medium Term Financial Plan 2023 2027 Revenue Budget for 2023 - 2024.pdf,Appendix 1 and 2 ,5.1%,47.93,YES,0.00,1.52,1.52,0.75%,19.75,9.7%,90.84,NO,NA,,
North Tyneside,England,North East,Metropolitan District,"209,151",182.46,"1,851.15",4.99,YES,1.67,https://democracy.northtyneside.gov.uk/ieListDocuments.aspx?CId=136&MId=778&Ver=4,"16 February 2023, full council report and other reports are available on the Council’s website for Cabinet reports.",0.9%,8.00,NO,0.00,0.00,0.00,0.00%,21.86,12.0%,104.53,NO,NA,,
North Yorkshire,England,Yorkshire and the Humber,County,"618,847",635.90,"1,759.96",4.99,YES,14.70,https://edemocracy.northyorks.gov.uk/documents/g5045/Public%20reports%20pack%2022nd-Feb-2023%2010.30%20Full%20Council.pdf?T=10,,2.3%,23.75,YES,0.00,30.35,30.35,4.77%,45.33,7.1%,73.25,NO,NA,,
Northumberland,England,North East,Unitary Authority,"321,558",383.20,"1,985.34",4.63,YES,17.05,https://northumberland.moderngov.co.uk/ieListDocuments.aspx?CId=346&MId=2021,,4.4%,53.01,YES,0.00,18.28,18.28,4.77%,28.07,7.3%,87.30,NO,NA,,
Nottingham,England,East Midlands,Unitary Authority,"319,566",261.80,NA,4.99,YES,36.90,https://committee.nottinghamcity.gov.uk/documents/s142999/Annex 2 - Appendices 1 to 4.pdf,"Summary position provided in Tables 9 and 10, New saving & income proposals are detailed in Appendix 1 of the February Exec Board report",14.1%,115.47,YES,0.00,1.00,1.00,0.38%,0.00,0.0%,0.00,NO,NA,,
Nottinghamshire,England,East Midlands,County,"826,257",DNA,1723.66,4.84,DNA,DNA,DNA,DNA,NA,NA,DNA,DNA,DNA,0.00,NA,DNA,NA,,NO,NA,Declined to Answer,
Oldham,England,North West,Metropolitan District,"242,072",287.05,"1,863.16",3.99,YES,16.31,https://committees.oldham.gov.uk/ieListDocuments.aspx?CId=144&MId=8558&Ver=4,"Also see the agenda and draft minutes from our most recent Budget meeting at Cabinet for the latest background. https://committees.oldham.gov.uk/ieListDocuments.aspx?CId=144&MId=8558&Ver=4
",5.7%,67.39,YES,11.68,0.00,11.68,4.07%,25.40,8.8%,104.91,NO,NA,,
Orkney Islands,Scotland,NA,Council Area,"22,540",101.70,"1,369.21",10,YES,7.00,,,6.9%,310.56,YES,17.40,0.00,17.40,17.11%,26.00,25.6%,"1,153.50",NO,NA,,
Oxfordshire,England,South East,County,"726,530",573.90,"1,734.03",4.99,YES,30.00,,,5.2%,41.29,NO,0.00,0.00,0.00,0.00%,DNC,NA,NA,NO,NA,,
Pembrokeshire,Wales,NA,Unitary Authority,"123,669",287.59,1342.86,7.5,YES,8.00,,,2.8%,64.69,YES,0.00,1.60,1.60,0.56%,51.70,18.0%,418.05,NO,NA,,Cumulative figure for shortfall given to 26/27
Perth and Kinross,Scotland,NA,Council Area,"153,810",DNA,1403.69,DNA,DNA,DNA,DNA,DNA,NA,NA,DNA,DNA,DNA,0.00,NA,DNA,NA,,NO,NA,Declined to Answer,
Peterborough,England,East,Unitary Authority,"216,349",203.00,"1,587.08",4.99,YES,11.00,https://democracy.peterborough.gov.uk/documents/s49088/8a.%20Appendix%20B-%20Budget%20Report%202023-24%20Final%20Settlement.pdf,Section 5 of Appendix B,5.4%,50.84,NO,0.00,0.00,0.00,0.00%,1.00,0.5%,4.62,NO,NA,,
Plymouth,England,South West,Unitary Authority,"264,727",218.44,"1,753.21",4.99,YES,23.44,Budget Report.pdf (plymouth.gov.uk),,10.7%,88.53,YES,1.00,0.00,1.00,0.46%,16.00,7.3%,60.44,NO,NA,,The council advises: reserves £1m – to be offset by future income from changes to council tax charges on empty properties and second homes.
Portsmouth,England,South East,Unitary Authority,"206,828",201.59,"1,648.87",4.99,YES,2.00,https://democracy.portsmouth.gov.uk/documents/s44597/Revenue%20Capital%20Budget%202023%2024%20Report%20February%202023%2024%20Cabinet.pdf,Appendix C,1.0%,9.67,NO,0,0,0.00,0.00%,0.00,0.0%,0.00,NO,NA,,
Powys,Wales,NA,Unitary Authority,"133,557",326.60,1524.45,5,YES,16.50,https://powys.moderngov.co.uk/ieListDocuments.aspx?CId=149&MId=7702,"Appendix A provides the MTFS, which sets out a savings overview, Appendix C lists the cost reductions and at Appendix I all the impact assessments for the savings are presented",5.1%,123.54,NO,0.00,0.00,0.00,0.00%,14.70,4.5%,110.07,NO,NA,,
Reading,England,South East,Unitary Authority,"173,170",164.41,"1,921.02",4.99,YES,3.81,,,2.3%,22.00,DNA,DNA,DNA,DNA,NA,5.69,3.5%,32.84,NO,NA,,
Redbridge,England,London,London Borough,"309,836",DNA,1541.61,4.99,DNA,DNA,DNA,DNA,NA,NA,DNA,DNA,DNA,0.00,NA,DNA,NA,,NO,NA,Declined to Answer,
Redcar and Cleveland,England,North East,Unitary Authority,"136,616",125.32,"1,809.45",3.99,YES,6.41, Special Cabinet - 23.2.23.pdf (redcar-cleveland.gov.uk),,5.1%,46.91,YES,2.53,0.00,2.53,2.02%,2.00,1.6%,14.62,NO,NA,,
Renfrewshire,Scotland,NA,Council Area,"179,940",500.20,1436.17,6,YES,8.30,Revenue Budget and Council Tax 2023/24 report.,Page 15 of the Revenue Budget and Council Tax 2023/24 report,1.7%,46.13,YES,11.00,0.00,11.00,2.20%,DNA,NA,NA,NO,NA,,The Council is projecting a £40-45 million funding gap over the period 2024/25 to 2026/27
Rhondda Cynon Taf,Wales,NA,Unitary Authority,"237,497",609.90,1607.9,3.9,YES,27.80,https://rctcbc.moderngov.co.uk/documents/s40006/Report.pdf?LLL=0,,4.6%,117.05,YES,4.11,0.00,4.11,0.67%,78.00,12.8%,328.43,NO,NA,,"The council advises: regarding reserves, noting that an additional one-off £5M energy reserve has been built into the budget to manage a forecasted increase in energy costs during 2023/24, with the future forecast, at the time of setting the 2023/24 budget, for costs to reduce in 2024/25."
Richmond upon Thames,England,London,London Borough,"195,232",181.92,"1,707.07",4.99,YES,7.70,"https://cabnet.richmond.gov.uk/documents/s500003988/7.%20ASSHHC%20Budget%20Report.pdf
",https://cabnet.richmond.gov.uk/documents/s500003992/7d.%20ASSHHC%20Budget%20Report%20-%20Appendix%20D.pdf,4.2%,39.44,YES,3.50,0.00,3.50,1.92%,32.60,17.9%,166.98,NO,NA,,
Rochdale,England,North West,Metropolitan District,"224,087",275.00,"1,867.78",4.99,YES,0.74,,,0.3%,3.29,YES,0.00,2.59,2.59,0.94%,9.34,3.4%,41.69,NO,NA,,
Rotherham,England,Yorkshire and The Humber,Metropolitan District,"266,183",DNA,1754.73,4.00,DNA,DNA,DNA,DNA,NA,NA,DNA,DNA,DNA,0.00,NA,DNA,NA,,NO,NA,Declined to Answer,
Rutland,England,East Midlands,Unitary Authority,"41,381",46.50,"2,013.04",4.99,YES,3.60,https://rutlandcounty.moderngov.co.uk/documents/s25955/Report%20No.%20372023%20-%20Final%20Revenue%20and%20Capital%20Budget%202023-24%2014022023%20Cabinet.pdf,,7.7%,87.00,YES,0.80,0.00,0.80,1.72%,0.50,1.1%,12.08,NO,NA,,
Salford,England,North West,Metropolitan District,"270,764",244.69,"1,862.28",4.99,YES,5.97, Salford City Council’s 2023/24 budget report,The 2023/24 Savings Proposals section of the table on page 36 of the budget report,2.4%,22.04,YES,3.33,0.00,3.33,1.36%,36.35,14.9%,134.24,NO,NA,,
Sandwell,England,West Midlands ,Metropolitan District,"341,729",317.62,"1,654.52",4.99,YES,21.40,https://sandwellintranet.moderngov.co.uk/ieListDocuments.aspx?CId=143&MId=6235&Ver=4,"Draft budget report Item 194/21
Final Budget Item 194/21",6.7%,62.62,NO,0.00,0.00,0.00,0.00%,57.20,18.0%,167.37,NO,NA,,"The council advises: the shortfall figure assumes a Business Rates Reset in 2025/26, ""which may not happen and therefore the funding shortfall would be significantly less"".
"
Scottish Borders,Scotland,NA,Council Area,"116,020",343.76,1356.11,5,YES,8.41,,,2.4%,72.50,YES,0.73,0.00,0.73,0.21%,DNC,NA,NA,NO,NA,,
Sefton,England,North West,Metropolitan District,"279,692",259.54,"1,853.90",4.99,YES,8.60,http://smbc-modgov-03/documents/s114583/Revenue%20and%20Capital%20Budget%20Plan%20202324%20202526%20and%20Council%20Tax%20202324.pdf ,,3.3%,30.75,NO,0.00,0.00,0.00,0.00%,19.00,7.3%,67.93,NO,NA,,
Sheffield,England,Yorkshire and The Humber,Metropolitan District,"554,401",459.97,"1,840.69",4.99,YES,47.70,https://www.sheffield.gov.uk/your-city-council/budget-spending,,10.4%,86.04,NO,0.00,0.00,0.00,0.00%,DNA,NA,NA,NO,NA,,
Shetland Islands,Scotland,NA,Council Area,"22,940",155.10,"1,260.61",4.5,YES,4.22,https://www.shetland.gov.uk/downloads/download/208/budget-book-and-financial-plans ,,2.7%,183.83,YES,36.70,0.00,36.70,23.66%,109.00,70.3%,"4,751.53",NO,NA,,Giving the worst-case scenario: potential budget gap of between £35m and £109m for 2025/26
Shropshire,England,West Midlands,Unitary Authority,"324,716",255.91,"1,639.01",4.99,YES,51.39,https://shropshire.gov.uk/committee-services/documents/s34144/Appendix%201%20-%20MTFS%202023-24%20-%202027-28%20-%20Council.pdf,"Appendix 1, page 74",20.1%,158.26,NO,0.00,0.00,0.00,0.00%,DNA,NA,NA,NO,NA,,"The council advises: Assuming savings plans for 2023/24 are fully achieved at the level set out at Q3 above, the target for 2024/25 is then £11,941,057. The MTFS assumes that savings planned for each year are fully achieved on an ongoing basis (although planning can be flexed to accommodate under or over achievement). 
"
Slough,England,South East,Unitary Authority,"158,289",143.00,"1,688.19",9.99,YES,22.40,,,15.7%,141.51,NO,0.00,0.00,0.00,0.00%,339.00,237.1%,"2,141.65",YES,31.6,,"The council advises: the Council’s net revenue budget for 2023/24 is £143m, of which £32m is funded by the capitalisation direction. This is a 62% reduction in the capitalisation direction from 2022/23, which demonstrates the excellent progress the Council is making in addressing its historical issues. Council meeting in March. £17m shortfall in 2025/26, cumulative capitalisation/shortfall of £339m, although these figures remain subject to change as new information, analysis and decisions come to light. £17m shortfall in 2025/26, cumulative capitalisation/shortfall of £339m, although these figures remain subject to change as new information, analysis and decisions come to light. Reserves: No, but Slough is reliant on a capitalisation direction to balance the budget. In 2023/24 this amounts to c£32m."
Solihull,England,West Midlands,Metropolitan District,"216,666",199.25,"1,592.74",4.99,YES,5.61,,,2.8%,25.89,YES,4.10,0.00,4.10,2.06%,1.92,1.0%,8.86,NO,NA,,
Somerset,England,South East,County,"573,119",493.36,"1,647.11",4.99,YES,40.79,https://democracy.somerset.gov.uk/Data/SCC%20County%20Council/202302221000/Agenda/Paper%20A%20-%20Appendix%202%20TSIPG.pdf,,8.3%,71.16,YES,10.00,9.90,19.90,4.03%,45.52,9.2%,79.42,NO,NA,,
South Ayrshire,Scotland,NA,Council Area,"112,450",329.94,1453.16,5,YES,5.69,https://www.south-ayrshire.gov.uk/media/7884/Revenue-Estimates-2023-24/pdf/Item_4_SAC010323_Revenue_Estimates.pdf?m=638126721148430000,https://www.south-ayrshire.gov.uk/media/8010/Conservative-and-Independent-Budget-Proposals/pdf/Administration_Budget_2023-24__-_Proposals_FINAL_v2.pdf?m=638133670236730000,1.7%,50.56,YES,6.12,0.00,6.12,1.85%,22.21,6.7%,197.50,NO,NA,,Giving the worst-case scenario: potential budget gap of between £7.51m and £22.209m. Net revenue includes 96.349m passed to Health & Social CarePartnership. 
South Gloucestershire,England,South West,Unitary Authority,"290,736",287.00,"1,752.11",4.99,YES,14.54,,,5.1%,50.01,YES,0.00,9.73,9.73,3.39%,0.00,0.0%,0.00,NO,NA,,
South Lanarkshire,Scotland,NA,Council Area,"322,630",910.32,1300.82,5.5,YES,1.95,https://southlanarkshire.cmis.uk.com/southlanarkshire/Document.ashx?czJKcaeAi5tUFL1DTL2UE4zNRBcoShgo=9UWAw5LGd4zaebzBBLYr2oxBbMnm%2fpFpv%2frNcbZ%2fUI%2bWXJJaJx%2bwcw%3d%3d&rUzwRPf%2bZ3zd4E7Ikn8Lyw%3d%3d=pwRE6AGJFLDNlh225F5QMaQWCtPHwdhUfCZ%2fLUQzgA2uL5jNRG4jdQ%3d%3d&mCTIbCubSFfXsDGW9IXnlg%3d%3d=hFflUdN3100%3d&kCx1AnS9%2fpWZQ40DXFvdEw%3d%3d=hFflUdN3100%3d&uJovDxwdjMPoYv%2bAJvYtyA%3d%3d=ctNJFf55vVA%3d&FgPlIEJYlotS%2bYGoBi5olA%3d%3d=NHdURQburHA%3d&d9Qjj0ag1Pd993jsyOJqFvmyB7X0CSQK=ctNJFf55vVA%3d&WGewmoAfeNR9xqBux0r1Q8Za60lavYmz=ctNJFf55vVA%3d&WGewmoAfeNQ16B2MHuCpMRKZMwaG1PaO=ctNJFf55vVA%3d,,0.2%,6.04,YES,1.80,0.00,1.80,0.20%,39.60,4.4%,122.74,NO,NA,,
South Tyneside,England,North East,Metropolitan District,"147,915",152.00,"1,829.62",4.95,YES,3.70,https://southtyneside.gov.uk/article/17442/Council-budget-2023-2028-Medium-Term-Financial-Plan,Par 21,2.4%,25.01,YES,8.63,1.45,10.08,6.63%,18.00,11.8%,121.69,NO,NA,,
Southampton,England,South East,Unitary Authority,"247,256",221.45,"1,726.47",4.99,YES,22.00,https://www.southampton.gov.uk/modernGov/documents/s59379/Annex%201.6%20-%20Savings%20Proposals.pdf,,9.9%,88.99,YES,0.00,20.60,20.60,9.30%,22.56,10.2%,91.24,NO,NA,,
Southend-On-Sea,England,South East,Unitary Authority,"180,601",143.90,"1,631.88",4.99,YES,11.50,https://democracy.southend.gov.uk/documents/g4241/Public%20reports%20pack%2023rd-Feb-2023%2018.30%20The%20Council.pdf?T=10,Appendix 3(ii) pages 49 to 68,8.0%,63.68,Yes,1.00,2.00,3.00,2.08%,18.80,13.1%,104.10,NO,NA,,
Southwark,England,London,London Borough,"306,374",DNA,1258.78,4.99,DNA,DNA,DNA,DNA,NA,NA,DNA,DNA,DNA,0.00,NA,DNA,NA,,NO,NA,Declined to Answer,
St. Helens,England,North West,Metropolitan District,"183,391",189.93,"1,707.13",4.99,YES,10.66,https://sthelens.moderngov.co.uk/ieListDocuments.aspx?CId=116&MId=12737&Ver=4,Agenda item 11,5.6%,58.10,YES,0.00,4.00,4.00,2.11%,10.41,5.5%,56.74,NO,NA,,
Staffordshire,England,West Midlands,County,"877,856",647.56,"1,471.23",4.99,YES,10.36,https://moderngov.staffordshire.gov.uk/documents/s172249/County%20Council%20report%20v3.pdf,,1.6%,11.80,YES,0.00,2.11,2.11,0.33%,0.00,0.0%,0.00,NO,NA,,
Stirling,Scotland,NA,Council Area,"93,470",259.73,1480.88,7,YES,6.50,https://minutes.stirling.gov.uk/PDFs/Scouncil/Agendas/CouncilAgenda.pdf,,2.5%,69.54,YES,0.00,5.35,5.35,2.06%,17.65,6.8%,188.81,NO,NA,,
Stockport,England,North West,Metropolitan District,"295,243",310.41,"1,883.41",3.99,YES,7.30,https://democracy.stockport.gov.uk/documents/s214683/PART%20A%20Appendix%208%20-%20Adult%20Social%20Care%20and%20Health%20change%20proposal.pdf,,2.4%,24.73,YES,0.00,0.88,0.88,0.28%,23.82,7.7%,80.67,NO,NA,,
Stockton-on-Tees,England,North East,Unitary Authority,"197,030",220.63,"1,851.18",4.9,YES,5.13,,,2.3%,26.01,YES,2.89,0.00,2.89,1.31%,4.58,2.1%,23.22,NO,NA,,
Stoke-on-Trent,England,West Midlands,Unitary Authority,"258,037",288.30,"1,541.34",4.99,YES,6.90,,,2.4%,26.74,NO,0.00,0.00,0.00,0.00%,22.30,7.7%,86.42,NO,NA,,
Suffolk,England,East,County,"763,375",687.59,"1,496.43",4,YES,31.08,https://www.suffolk.gov.uk/council-and-democracy/budget-council-tax-and-finance/the-budget-for-suffolk,,4.5%,40.71,YES,9.81,10.23,20.04,2.91%,DNA,NA,NA,NO,NA,,
Sunderland,England,North East,Metropolitan District,"274,211",247.10,"1,637.12",2.99,YES,13.38,https://committees.sunderland.gov.uk/committees/CMIS5/Document.ashx?czJKcaeAi5tUFL1DTL2UE4zNRBcoShgo=%2bi0VKAPg1MK9yVxWMg8s0xU8wKywdafE6ciIHwu0CPySfrg%2bUHehQw%3d%3d&rUzwRPf%2bZ3zd4E7Ikn8Lyw%3d%3d=pwRE6AGJFLDNlh225F5QMaQWCtPHwdhUfCZ%2fLUQzgA2uL5jNRG4jdQ%3d%3d&mCTIbCubSFfXsDGW9IXnlg%3d%3d=hFflUdN3100%3d&kCx1AnS9%2fpWZQ40DXFvdEw%3d%3d=hFflUdN3100%3d&uJovDxwdjMPoYv%2bAJvYtyA%3d%3d=ctNJFf55vVA%3d&FgPlIEJYlotS%2bYGoBi5olA%3d%3d=NHdURQburHA%3d&d9Qjj0ag1Pd993jsyOJqFvmyB7X0CSQK=ctNJFf55vVA%3d&WGewmoAfeNR9xqBux0r1Q8Za60lavYmz=ctNJFf55vVA%3d&WGewmoAfeNQ16B2MHuCpMRKZMwaG1PaO=ctNJFf55vVA%3d,,5.4%,48.79,YES,0.00,9.00,9.00,3.64%,20.53,8.3%,74.85,NO,NA,,
Surrey,England,South East,County,"1,205,616",1100.00,"1,675.08",2.99,YES,69.00,https://snet.surreycc.gov.uk/my.policy,,6.3%,57.23,NO,0.00,0.00,0.00,0.00%,114.20,10.4%,94.72,NO,NA,,
Sutton,England,London,London Borough,"209,517",161.23,"1,614.24",4.99,YES,3.48,https://moderngov.sutton.gov.uk/documents/g5779/Public%20reports%20pack%2020th-Feb-2023%2019.30%20Strategy%20and%20Resources%20Committee.pdf?T=10,,2.2%,16.60,YES,1.09,0.00,1.09,0.68%,9.80,6.1%,46.78,NO,NA,,
Swansea,Wales,NA,Unitary Authority,"237,834",561.73,1549.1,5.95,YES,20.30,,,3.6%,85.36,YES,0.00,6.52,6.52,1.16%,0.00,0.0%,0.00,NO,NA,,
Swindon,England,South West,Unitary Authority,"233,713",166.40,"1,612.80",4.99,YES,25.90,https://ww5.swindon.gov.uk/moderngov/documents/s128016/Budget%20Report%202023-24.pdf,,15.6%,110.82,YES,0.00,3.30,3.30,1.98%,17.50,10.5%,74.88,NO,NA,,
Tameside,England,North West,Metropolitan District,"231,199",221.40,"1,734.58",4.99,YES,0.97,,,0.4%,4.20,YES,0.00,2.68,2.68,1.21%,22.77,10.3%,98.50,NO,NA,,
Telford and Wrekin,England,West Midlands,Unitary Authority,"185,842",146.77,"1,463.93",2,YES,10.60,https://democracy.telford.gov.uk/ieListDocuments.aspx?CId=1136&MId=2179&Ver=4,,7.2%,57.04,YES,0.00,5.95,5.95,4.05%,1.36,0.9%,7.32,NO,NA,,
Thurrock,England,East,Unitary Authority,"175,902",327.65,"1,585.17",9.99,YES,8.15,,,2.5%,46.30,NO,0.00,0.00,0.00,0.00%,521.00,159.0%,"2,961.88",YES,180.2,,"This council faces ""a financial situation of an extremely serious nature"". It balances this year's budget with government support."
Torbay,England,South West,Unitary Authority,"139,446",130.60,"1,774.39",4.99,YES,1.89,https://www.torbay.gov.uk/media/18734/proposals-for-efficiencies-income-generation-and-service-change.pdf,,1.4%,13.52,YES,0.50,0.00,0.50,0.38%,NA,NA,NA,NO,NA,,"The council advises: tn terms of our Medium-Term Resource Plan, (for the next four years), we are currently reviewing this with the intention to present it to Cabinet in July 2023 as part of the 2022/2023 budget out-turn report. This document will detail our anticipated future year funding gap."
Torfaen,Wales,NA,Unitary Authority,"92,453",223.00,1476.72,1.95,YES,3.87,https://moderngov.torfaen.gov.uk/documents/s59923/3%20-%20Annex%201%20-%20Budget%20Mitigations%202023-24.pdf,,1.7%,41.82,YES,0.78,2.00,2.78,1.25%,17.36,7.8%,187.77,NO,NA,,
Tower Hamlets,England,London,London Borough,"312,273",DNA,1146.88,2.00,DNA,DNA,DNA,DNA,NA,NA,DNA,DNA,DNA,0.00,NA,DNA,NA,,NO,NA,Declined to Answer,
Trafford,England,North West,Metropolitan District,"235,546",209.38,"1,525.51",4.99,YES,11.76,https://members.trafford.gov.uk/documents/g3548/Public%20reports%20pack%2015th-Feb-2023%2018.00%20Executive.pdf?T=10,,5.6%,49.93,YES,0.00,7.41,7.41,3.54%,17.10,8.2%,72.60,NO,NA,,
Vale of Glamorgan,Wales,NA,Unitary Authority,"132,534",227.56,1464.77,4.9,YES,7.40,,,3.3%,55.83,YES,0.00,3.20,3.20,1.41%,1.89,0.8%,14.28,NO,NA,,
Wakefield,England,Yorkshire and The Humber,Metropolitan District,"353,802",278.40,"1,634.53",4.99,YES,14.00,http://mg.wakefield.gov.uk/documents/s122052/Budget%20Council%20Report%20copy%20by%20Teams.pdf,,5.0%,39.57,YES,0.00,10.00,10.00,3.59%,39.30,14.1%,111.08,NO,NA,,
Walsall,England,West Midlands,Metropolitan District,"284,306",144.20,"1,985.48",2.99,YES,15.70,https://cmispublic.walsall.gov.uk/cmis/Document.ashx?czJKcaeAi5tUFL1DTL2UE4zNRBcoShgo=hY0UkezefxcQZ%2baQaYwtmuZvVLEUU5ZjyBLRqdjKsUdN8dFkb1nt5w%3d%3d&rUzwRPf%2bZ3zd4E7Ikn8Lyw%3d%3d=pwRE6AGJFLDNlh225F5QMaQWCtPHwdhUfCZ%2fLUQzgA2uL5jNRG4jdQ%3d%3d&mCTIbCubSFfXsDGW9IXnlg%3d%3d=hFflUdN3100%3d&kCx1AnS9%2fpWZQ40DXFvdEw%3d%3d=hFflUdN3100%3d&uJovDxwdjMPoYv%2bAJvYtyA%3d%3d=ctNJFf55vVA%3d&FgPlIEJYlotS%2bYGoBi5olA%3d%3d=NHdURQburHA%3d&d9Qjj0ag1Pd993jsyOJqFvmyB7X0CSQK=ctNJFf55vVA%3d&WGewmoAfeNR9xqBux0r1Q8Za60lavYmz=ctNJFf55vVA%3d&WGewmoAfeNQ16B2MHuCpMRKZMwaG1PaO=ctNJFf55vVA%3d,,10.9%,55.22,NO,0.00,0.00,0.00,0.00%,13.20,9.2%,46.43,NO,NA,,
Waltham Forest,England,London,London Borough,"278,050",246.90,"1,621.41",4.99,YES,6.70,,,2.7%,24.10,YES,0.00,7.60,7.60,3.08%,13.10,5.3%,47.11,NO,NA,,
Wandsworth,England,London,London Borough,"328,367",190.55,487.17,2.14,YES,7.01,https://democracy.wandsworth.gov.uk/documents/s101293/General%20Revenue%20Budget.pdf,,3.7%,21.34,YES,0.00,1.10,1.10,0.58%,38.33,20.1%,116.73,NO,NA,,
Warrington,England,North West,Unitary Authority,"211,227",183.00,"1,694.79",4.98,YES,13.56,,,7.4%,64.19,YES,0.00,11.53,11.53,6.30%,24.49,13.4%,115.92,NO,NA,,
Warwickshire,England,West Midlands,County,"599,153",560.00,"1,653.57",3.94,YES,15.20,,,2.7%,15.16,YES,,22.70,22.70,4.05%,0.00,0.0%,0.00,NO,NA,,
West Berkshire,England,South East,Unitary Authority,"161,865",164.30,"1,743.11",4.99,YES,9.10,https://decisionmaking.westberks.gov.uk/ieListDocuments.aspx?CId=116&MId=6983&Ver=4,,5.5%,56.22,YES,0.00,1.80,1.80,1.10%,7.10,4.3%,43.86,NO,NA,,
West Dunbartonshire,Scotland,NA,Council Area,"87,790",265.16,1398.98,5,YES,11.81,https://wdccmis.west-dunbarton.gov.uk/cmis5/Meetings/tabid/73/ctl/ViewMeetingPublic/mid/410/Meeting/8850/Committee/572/SelectedTab/Documents/Default.aspx,,4.5%,134.51,YES,5.25,0.00,5.25,1.98%,15.10,5.7%,172.00,NO,NA,,
West Lothian,Scotland,NA,Council Area,"185,580",429.79,1390.96,5.8,YES,8.48,https://coins.westlothian.gov.uk/viewDoc.asp?c=e%97%9Dj%8Ek%7F%8B,,2.0%,45.69,YES,0.00,6.98,6.98,1.62%,28.05,6.5%,151.13,NO,NA,,
West Northamptonshire,England,East Midlands,County,"426,462",383.50,"1,693.73",4.99,YES,32.00,https://westnorthants.moderngov.co.uk/documents/s10478/2023-24%20Final%20Budget%20Report%20-%20Full%20Council.pdf,,8.3%,75.04,NO,0.00,0.00,0.00,0.00%,41.03,10.7%,96.20,NO,NA,,
West Sussex,England,South East,County,"885,055",708.80,"1,633.41",4.99,YES,9.60,https://westsussex.moderngov.co.uk/documents/b11091/Item%209%20-%20Council%20Plan%20and%20Budget%20Report%20Pack%20Friday%2017-Feb-2023%2010.30%20County%20Council.pdf?T=9,,1.4%,10.85,NO,0.00,0.00,0.00,0.00%,77.80,11.0%,87.90,NO,NA,,
Westminster,England,London,London Borough,"205,087",194.00,478.37,2,YES,26.00,https://westminster.moderngov.co.uk/documents/s51467/Appendix%201%20-%20List%20of%20new%20savings.pdf,,13.4%,126.78,YES,0.00,6.55,6.55,3.38%,38.69,19.9%,188.65,NO,NA,,
Westmorland and Furness,England,North West,Unitary Authority,"225,385",268.48,"1,740.89",4.99,YES,7.30,,,2.7%,32.39,NO,0.00,0.00,0.00,0.00%,13.59,5.1%,60.27,YES,26,,
Wigan,England,North West,Metropolitan District,"329,759",252.00,"1,479.56",4.99,YES,20.30,,,8.1%,61.56,YES,0.00,15.00,15.00,5.95%,32.00,12.7%,97.04,NO,NA,,
Wiltshire,England,South West,Unitary Authority,"513,411",465.87,"1,719.90",4.99,YES,26.10,,,5.6%,50.83,YES,0.00,8.80,8.80,1.89%,0.00,0.0%,0.00,NO,NA,,
Windsor and Maidenhead,England,South East,Unitary Authority,"153,921",103.35,"1,241.60",4.96,YES,10.92,https://rbwm.moderngov.co.uk/documents/s44390/Appendix%201%20-%20Revenue%20Budget.pdf,,10.6%,70.96,YES,0.00,0.17,0.17,0.16%,6.61,6.4%,42.94,NO,NA,,
Wirral,England,North West,Metropolitan District,"320,600",366.60,"1,798.48",4.99,YES,28.35,http://democracy.wirral.gov.uk/ieListDocuments.aspx?CId=907&MId=9535&Ver=4 (,,7.7%,88.41,YES,0.00,8.00,8.00,2.18%,15.08,4.1%,47.04,NO,NA,,
Wokingham,England,South East,Unitary Authority,"178,169",164.40,"1,751.84",4.99,YES,11.70,https://wokingham.moderngov.co.uk/documents/g4251/Public%20reports%20pack%2016th-Feb-2023%2019.30%20Council.pdf?T=10,,7.1%,65.67,YES,0.00,1.40,1.40,0.85%,3.30,2.0%,18.52,NO,NA,,
Wolverhampton,England,West Midlands,Metropolitan District,"264,036",306.40,"1,909.01",4.99,YES,1.10,https://wolverhamptonintranet.moderngov.co.uk/ieListDocuments.aspx?CId=130&MId=17984&Ver=4,,0.4%,4.17,YES,0.00,3.00,3.00,0.98%,23.09,7.5%,87.44,NO,NA,,
Worcestershire,England,West Midlands,County,"604,947",400.81,"1,465.78",4.94,YES,2.50,https://worcestershire.moderngov.co.uk/documents/g5621/Public%20reports%20pack%2016th-Feb-2023%2010.00%20Council.pdf?T=10,,0.6%,4.13,YES,0.00,5.50,5.50,1.37%,45.70,11.4%,75.54,NO,NA,,Cumulative figure for shortfall given to 26/27
Wrexham,Wales,NA,Unitary Authority,"135,132",DNA,1454.04,6,DNA,DNA,DNA,DNA,NA,NA,DNA,DNA,DNA,0.00,NA,DNA,NA,,NO,NA,Declined to Answer,
York,England,Yorkshire and The Humber,Unitary Authority,"201,672",141.62,"1,570.42",4.99,YES,5.55,https://democracy.york.gov.uk/documents/g13295/Public%20reports%20pack%20Thursday%2009-Feb-2023%2017.30%20Executive.pdf?T=10,,3.9%,27.53,YES,0.00,1.00,1.00,0.71%,11.80,8.3%,58.51,NO,NA,,